<?xml version="1.0" encoding="UTF-8" standalone="yes"?>
<addon id="plugin.program.princess" name="[B][COLOR blue]Princess Wizards [/COLOR][/B]" version="1.0" provider-name="Iker">
  <requires>
    <import addon="xbmc.python" version="2.1.0"/>
  </requires>
  <extension point="xbmc.python.pluginsource" library="default.py">
    <provides>executable</provides>
  </extension>
  <extension point="xbmc.service" library="startup.py" start="startup" />
  <extension point="xbmc.addon.metadata">
    <summary lang="en">[B][COLOR blue]Princess[/COLOR][/B] Wizards</summary>
    <description lang="en">[B]Princess Wizards te permite acceder a versiones personalizadas.[/B]</description>
    <platform>all</platform>
  </extension>
</addon>
